player_name,probability
Cooper Flagg,0.9429
VJ Edgecombe,0.5043
Dylan Harper,0.1667
Derik Queen,0.1097
Cedric Coward,0.0654
Jeremiah Fears,0.0408
Kon Knueppel,0.0083
Will Richard,0.002
Collin Murray-Boyles,0.0016
Ace Bailey,0.0015
Ryan Kalkbrenner,0.0006
Ryan Nembhard,0.0001
Asa Newell,0.0
Amari Williams,0.0
Adou Thiero,0.0
Chaz Lanier,0.0
Chris Youngblood,0.0
Chris Mañon,0.0
Carter Bryant,0.0
Ben Saraf,0.0
David Jones Garcia,0.0
Danny Wolf,0.0
Dylan Cardwell,0.0
Drake Powell,0.0
Ethan Thompson,0.0
Hugo González,0.0
Hunter Dickinson,0.0
Egor Dëmin,0.0
Hunter Sallis,0.0
Jahmai Mashack,0.0
Jamir Watkins,0.0
Chucky Hepburn,0.0
Curtis Jones,0.0
DaRon Holmes II,0.0
Caleb Love,0.0
Brooks Barnhizer,0.0
Joan Beringer,0.0
Javonte Cooke,0.0
Javon Small,0.0
Jase Richardson,0.0
Jahmyl Telfort,0.0
Johni Broome,0.0
Khaman Maluach,0.0
Kasparas Jakučionis,0.0
Mark Sears,0.0
Maxime Raynaud,0.0
Micah Peavy,0.0
Miles Kelly,0.0
Kobe Sanders,0.0
Koby Brea,0.0
Lachlan Olbrich,0.0
Liam McNeeley,0.0
Nique Clifford,0.0
Myron Gardner,0.0
Moussa Cisse,0.0
Mohamed Diawara,0.0
Rasheer Fleming,0.0
Nolan Traore,0.0
Noa Essengue,0.0
Noah Penda,0.0
Taelon Peter,0.0
Sion James,0.0
Tyrese Proctor,0.0
Tre Johnson,0.0
Walter Clayton Jr.,0.0
Will Riley,0.0
Yang Hansen,0.0
Yanic Konan Niederhäuser,0.0
